variable,class,outcome_0,outcome_1,pct_0,pct_1,odds,woe,miv,sql
age,(;42.5),30187,3283,0.28209513129614056,0.43134936276441993,0.6539829559229137,-0.42467398914448795,0.06338438987432897,when age < 42.5 then -0.424673989144488
age,<42.5;54.5),31455,2561,0.29394449116904964,0.3364866640388911,0.8735695128026695,-0.13516757294905063,0.005750322254795419,when age >= 42.5 AND age < 54.5 then -0.135167572949051
age,<54.5;),45368,1767,0.4239603775348098,0.232163973196689,1.8261247500947582,0.6021960986205123,0.11549904642185865,when age >= 54.5 then 0.602196098620512
