variable,class,outcome_0,outcome_1,pct_0,pct_1,odds,woe,miv,sql
DebtRatio,(;0.5055),88471,5568,0.8267545089243996,0.731572723689397,1.1301057053562509,0.12231117291228327,0.011641795791978219,when DebtRatio < 0.5055 then 0.122311172912283
DebtRatio,<0.5055;),18539,2043,0.17324549107560042,0.2684272763106031,0.6454094138895715,-0.43787041333868515,0.04167728764316458,when DebtRatio >= 0.5055 then -0.437870413338685
