variable,class,outcome_0,outcome_1,pct_0,pct_1,odds,woe,miv,sql
MonthlyIncome,(;4834),42604,3983,0.39813101579291654,0.5233215083431875,0.7607770929449882,-0.2734148773722432,0.034228943168803046,when MonthlyIncome < 4834 then -0.273414877372243
MonthlyIncome,<4834;),64406,3628,0.6018689842070835,0.47667849165681253,1.2626308816979361,0.23319754546578503,0.029194115578375826,when MonthlyIncome >= 4834 then 0.233197545465785
