variable,class,outcome_0,outcome_1,pct_0,pct_1,odds,woe,miv,sql
NumberOfDependents,(;0.5),59141,3525,0.5526679749556116,0.4631454473787939,1.1932924701807546,0.17671626829290948,0.01582008700152431,when NumberOfDependents < 0.5 then 0.176716268292909
NumberOfDependents,<0.5;),47869,4086,0.44733202504438835,0.5368545526212062,0.8332462169879685,-0.18242610187303873,0.01633124573566049,when NumberOfDependents >= 0.5 then -0.182426101873039
