variable,class,outcome_0,outcome_1,pct_0,pct_1,odds,woe,miv,sql
NumberOfTime30_59DaysPastDueNotWorse,(;0.5),91931,3900,0.8590879357069433,0.5124162396531337,1.676543148375781,0.5167340237690801,0.1791370604287366,when NumberOfTime30_59DaysPastDueNotWorse < 0.5 then 0.51673402376908
NumberOfTime30_59DaysPastDueNotWorse,<0.5;),15079,3711,0.14091206429305672,0.4875837603468664,0.2890007333156709,-1.2413260534484574,0.43033260830475867,when NumberOfTime30_59DaysPastDueNotWorse >= 0.5 then -1.24132605344846
