variable,class,outcome_0,outcome_1,pct_0,pct_1,odds,woe,miv,sql
NumberOfOpenCreditLinesAndLoans,(;3.5),14172,1669,0.13243622091393328,0.21928787281566153,0.6039377335985299,-0.5042841764301276,0.04379791375085915,when NumberOfOpenCreditLinesAndLoans < 3.5 then -0.504284176430128
NumberOfOpenCreditLinesAndLoans,<3.5;),92838,5942,0.8675637790860667,0.7807121271843385,1.1112467052548054,0.10548254294151932,0.00916133310126594,when NumberOfOpenCreditLinesAndLoans >= 3.5 then 0.105482542941519
