variable,class,outcome_0,outcome_1,pct_0,pct_1,odds,woe,miv,sql
NumberRealEstateLoansOrLines,(;0.5),40037,3609,0.37414260349500045,0.47418210484824597,0.7890272527571206,-0.23695441784923582,0.02370480180508613,when NumberRealEstateLoansOrLines < 0.5 then -0.236954417849236
NumberRealEstateLoansOrLines,<0.5;),66973,4002,0.6258573965049995,0.525817895151754,1.1902550336830462,0.17416759818083577,0.017423639673903233,when NumberRealEstateLoansOrLines >= 0.5 then 0.174167598180836
