variable,class,outcome_0,outcome_1,pct_0,pct_1,odds,woe,miv,sql
RevolvingUtilizationOfUnsecuredLines,(;0.3947),74166,1924,0.6930754135127558,0.2527920115622126,2.7416824180070605,1.008571753136571,0.44405740258219295,when RevolvingUtilizationOfUnsecuredLines < 0.3947 then 1.00857175313657
RevolvingUtilizationOfUnsecuredLines,<0.3947;0.705),14243,1274,0.1330997103074479,0.167389304953357,0.7951506241365667,-0.22922371795117785,0.007859988371774082,when RevolvingUtilizationOfUnsecuredLines >= 0.3947 AND RevolvingUtilizationOfUnsecuredLines < 0.705 then -0.229223717951178
RevolvingUtilizationOfUnsecuredLines,<0.705;),18601,4413,0.17382487617979628,0.5798186834844304,0.29979178169146375,-1.2046671063262517,0.4890873850320515,when RevolvingUtilizationOfUnsecuredLines >= 0.705 then -1.20466710632625
